window_number,p_value
1,0.4283625764444723
2,0.7379252972786448
3,0.4312336178194609
