window_number,p_value
1,0.51763979144904
2,0.5891514349648975
3,0.6270488322618464
4,0.9209835383049669
5,0.8469309612557394
6,0.8830204161548865
7,0.9558020036461901
8,0.5853681626661681
9,0.3927866898294846
10,0.6637871148807895
